{"name":"Pickily","short_name":"Pickily","start_url":"/","display":"standalone","background_color":"#fff","description":"Pickily Tickily","icons":[{"src":"/logo-48.png","sizes":"48x48","type":"image/png"},{"src":"/logo-72.png","sizes":"72x72","type":"image/png"},{"src":"/logo-96.png","sizes":"96x96","type":"image/png"},{"src":"/logo-144.png","sizes":"144x144","type":"image/png"},{"src":"/logo-192.png","sizes":"192x192","type":"image/png"},{"src":"/logo-512.png","sizes":"512x512","type":"image/png"}]}